{
  "accuracy": 0.99,
  "f1_score": 0.975609756097561,
  "auc": 0.9998944444444444,
  "log_loss": 0.03719441428432204,
  "brier_score": 0.00915654632007442,
  "bias": 0.014423012733459473,
  "ece": 0.02425306390101711
}