{
  "sigma": 0.05,
  "mean_abs_change": 0.005072074942290783,
  "std_abs_change": 0.0002652984403539449
}