{
  "ID": {
    "accuracy": 0.978021978021978,
    "f1_score": 0.94,
    "auc": 0.9997175673131237,
    "ece": 0.03574745145186291
  },
  "OOD": {
    "accuracy": 0.99375,
    "f1_score": 0.9850746268656716,
    "auc": 0.999961822953949,
    "ece": 0.022808632301166653
  }
}