{
  "best_val_loss": 0.23922083899378777,
  "test_mae_delta": 0.1810399276231397,
  "test_mae_mdr": 0.11247322054070079,
  "epochs_completed": 80,
  "train_losses": [
    3.2150568225167016,
    1.9480742291970687,
    1.5666705332019113,
    1.401629408381202,
    1.2705436554822054,
    1.11422032605518,
    1.0409578881480477,
    0.9754781327464364,
    0.9095940950241956,
    0.8774317722428929,
    0.8316170158711347,
    0.7711659569631923,
    0.7770446666262366,
    0.7268015027046204,
    0.6495804108001969,
    0.6682757136496631,
    0.6407745672897859,
    0.6120563852516088,
    0.5704821134155447,
    0.5907763575965708,
    0.5742703402584249,
    0.555065929889679,
    0.5554711810567162,
    0.5587921340357174,
    0.5502139617096294,
    0.5466876425526359,
    0.5615279278971932,
    0.5398494110866027,
    0.5384088510816748,
    0.5452501383694736,
    0.5125036198984493,
    0.5092833577231928,
    0.5044068497690287,
    0.5213496242057193,
    0.5019991191950711,
    0.5071223955262791,
    0.49166494567285884,
    0.4743387432260947,
    0.4988694602792913,
    0.48702811382033606,
    0.5003474430604414,
    0.4732757199894298,
    0.475992699238387,
    0.48022827262228185,
    0.46837820573286576,
    0.4555992438034578,
    0.4605804448777979,
    0.4681795518506657,
    0.4786484265869314,
    0.44762675802816043,
    0.4483409017324448,
    0.44335600232536143,
    0.4642410383983092,
    0.4712993317029693,
    0.46109528704123065,
    0.45558267344128,
    0.4337771402163939,
    0.4556369950825518,
    0.4724864276972684,
    0.4505468048832633,
    0.4695020471106876,
    0.4441384494304657,
    0.45955343300646,
    0.45036100474270907,
    0.4600335343317552,
    0.4618933683091944,
    0.4563589096069336,
    0.4499079333110289,
    0.43860963610085574,
    0.43794127919457176,
    0.4466668565164913,
    0.44299658320166846,
    0.4755918470295993,
    0.4440156579017639,
    0.4488942349498922,
    0.46844609623605554,
    0.4184005511077968,
    0.42206458083607934,
    0.42453926584937357,
    0.4352102717215365
  ],
  "val_losses": [
    4.2279815177122755,
    1.2417905728022258,
    4.594638129075368,
    1.0976411153872807,
    2.0555041631062827,
    6.649358034133911,
    2.052388389905294,
    3.046978880961736,
    0.7987754344940186,
    4.059931476910909,
    1.550374721487363,
    0.8637956405679384,
    7.703267594178517,
    4.117159853378932,
    3.285753389199575,
    2.0261294494072595,
    2.2081271509329476,
    1.4366473654905956,
    4.610609491666158,
    1.9817041059335072,
    0.72671227902174,
    10.570781350135803,
    0.391860398153464,
    2.515101542075475,
    0.3749316856265068,
    0.3681334915260474,
    1.0079766313234966,
    2.380963762601217,
    0.8874280775586764,
    0.6114332738022009,
    2.6311917454004288,
    0.3643261231482029,
    0.7869069228569666,
    0.7769662936528524,
    0.3093431517481804,
    0.4972107522189617,
    0.8887983138362566,
    0.42707862580815953,
    0.6315912641584873,
    0.8212155029177666,
    0.42013149832685787,
    0.3845235959937175,
    0.6264571112891039,
    0.29828538683553535,
    0.74356942375501,
    0.4330055055518945,
    0.5117073059082031,
    0.4715936916569869,
    0.2672871605803569,
    0.29041116560498875,
    0.34216589853167534,
    0.2768255832294623,
    1.2805627832810085,
    0.510377953449885,
    0.4802851341664791,
    0.25930634265144664,
    0.2830639084180196,
    0.27903065147499245,
    0.29107623485227424,
    0.291931143651406,
    0.28455957397818565,
    0.24769214044014612,
    0.25001586725314456,
    0.24179024683932462,
    0.2926438457022111,
    0.24452894491453966,
    0.2455229895810286,
    0.2930416576564312,
    0.2424534143259128,
    0.2505009000500043,
    0.23922083899378777,
    0.2519835817317168,
    0.24282061556975046,
    0.24480637907981873,
    0.2464483684549729,
    0.26186121441423893,
    0.2404725756496191,
    0.24683472700417042,
    0.2455299918850263,
    0.2518787781397502
  ],
  "val_mae_delta": [
    1.2920724248268367,
    0.5915322371873138,
    2.412464234843779,
    0.5929839373955749,
    1.012909609116181,
    2.147752008211063,
    0.9110939027231334,
    0.9131551969691712,
    0.48861808136486073,
    0.9725141286763771,
    0.5253788285822883,
    0.6445713160301849,
    1.8887942710382677,
    1.354907566486256,
    1.0125931884190256,
    0.39212142045969756,
    1.1618317666101565,
    0.7150505175677728,
    1.0920732865935197,
    0.7204012540358055,
    0.2727420688631667,
    2.480832689129964,
    0.27368981104979073,
    0.7211614816877553,
    0.2541200080329695,
    0.3082270374073271,
    0.23894908047814828,
    0.9007644891692157,
    0.6242275729096521,
    0.48022956525794247,
    1.1022282003458084,
    0.29325044905794295,
    0.4757425852773532,
    0.39540264958574456,
    0.19079041652248882,
    0.34166537431687044,
    0.5696850645020155,
    0.2896759909315528,
    0.42269036811055904,
    0.4041083673789848,
    0.2873636542481244,
    0.30951056505335045,
    0.43972536341269913,
    0.18729168980237226,
    0.4589624448844098,
    0.3266938172557189,
    0.3213188920368034,
    0.3825015132119337,
    0.18890251633415928,
    0.2059121516207997,
    0.24675331588751098,
    0.20766213425004545,
    0.7219632902197017,
    0.35159806202833505,
    0.28325923142381465,
    0.20363783293777826,
    0.20997816726491583,
    0.21739022734277652,
    0.2256272267304879,
    0.2710745465499402,
    0.19971288181835162,
    0.1752264283398041,
    0.17189160021652064,
    0.17686559049087613,
    0.20411465706420104,
    0.1754304584725408,
    0.1823646910150581,
    0.20497320651893602,
    0.17585232563599648,
    0.19848221052863174,
    0.17624297339300932,
    0.17295199505034778,
    0.1669836407792976,
    0.17700757822189514,
    0.18039854421460413,
    0.19040367612176845,
    0.17309444142623914,
    0.16966113328631596,
    0.1781805373924219,
    0.18029706120258374
  ],
  "val_mae_mdr": [
    0.5973690303669926,
    0.2623895883550324,
    0.34737136691032144,
    0.25914963560415655,
    0.25359630273540773,
    0.7743134875649907,
    0.3269857854183682,
    0.5013822351651742,
    0.2182381427417648,
    0.6444551001506923,
    0.3887390060302221,
    0.21038902413531962,
    0.9940190657561754,
    0.567846835487234,
    0.5399362484708793,
    0.4877191778974613,
    0.3966867801788963,
    0.3077310757154909,
    0.7647079268330413,
    0.3971302418511079,
    0.2647104828091837,
    1.2000413944535506,
    0.15057135155816348,
    0.5199319932652959,
    0.1496106984339979,
    0.152282615435772,
    0.32227005096850664,
    0.4068068925027479,
    0.25143619184430005,
    0.16688804465869747,
    0.4270335320232046,
    0.13758880705944262,
    0.24171768574369204,
    0.2550674066378677,
    0.13750249647432994,
    0.18963349164134136,
    0.22662774854824533,
    0.16967245441473802,
    0.18898576027316505,
    0.2617965560387519,
    0.16826841795546726,
    0.14711137632269344,
    0.2168478937805986,
    0.142997874614434,
    0.2251663467298842,
    0.1767692726635704,
    0.1925948582251472,
    0.18229297870651684,
    0.12031933254222235,
    0.13438998011769168,
    0.14351176000615828,
    0.11979517159860788,
    0.3137496104773332,
    0.18017989552204,
    0.19377656242689528,
    0.11511195056300809,
    0.12361744189044008,
    0.1282540592106278,
    0.12450670162232136,
    0.12682059963550854,
    0.1340755142168176,
    0.11565686966809645,
    0.11768656886140808,
    0.11493681473819144,
    0.13230525663958329,
    0.11376573894008608,
    0.11388546164015287,
    0.13220790805488933,
    0.11409975614231269,
    0.11697783381075762,
    0.11258194005767802,
    0.11759514276281853,
    0.11434056407245842,
    0.11595863658839287,
    0.11437462096205708,
    0.11831880739293388,
    0.112703406427909,
    0.1161373329016479,
    0.11374490662618034,
    0.11704865741776412
  ]
}