{
  "mu_delta": -0.1815984999652906,
  "sd_delta": 1.3786641349691127,
  "mu_mdr": -2.858858699325583,
  "sd_mdr": 0.52655390787171
}