{
  "best_val_f1": 0.9882747068676717,
  "test_acc": 0.996,
  "test_f1": 0.99,
  "test_auc": 0.9998944444444444
}