{
  "VAL": {
    "NeuralODE_delta_log": {
      "mae": 0.2168064872552039,
      "mse": 0.08297416604888991,
      "r2": 0.9571727315678695,
      "bias": -0.11710070462221568
    },
    "NeuralODE_log_mdr": {
      "mae": 0.11969520702992895,
      "mse": 0.031712838282199125,
      "r2": 0.8818777792594132,
      "bias": 0.023177272898095916
    },
    "LSTM_delta_log": {
      "mae": 0.3803879988569027,
      "mse": 0.28213773421042115,
      "r2": 0.8543740895118712,
      "bias": -0.000653151858864175
    },
    "LSTM_log_mdr": {
      "mae": 0.21437012012590026,
      "mse": 0.10807359283743156,
      "r2": 0.5974534768609132,
      "bias": -0.0321368674761751
    }
  },
  "TEST": {
    "NeuralODE_delta_log": {
      "mae": 0.2171384475508966,
      "mse": 0.08471888983217102,
      "r2": 0.9533895221227371,
      "bias": -0.11490849276794442
    },
    "NeuralODE_log_mdr": {
      "mae": 0.11933197286719906,
      "mse": 0.028658754735621992,
      "r2": 0.899374491674811,
      "bias": 0.021510325171498784
    },
    "LSTM_delta_log": {
      "mae": 0.376357662532245,
      "mse": 0.2754999654706643,
      "r2": 0.8484259523325244,
      "bias": -0.003432813405957039
    },
    "LSTM_log_mdr": {
      "mae": 0.2125179649883146,
      "mse": 0.11881543039424125,
      "r2": 0.5828198681139534,
      "bias": -0.04853151609648461
    }
  }
}