{
  "ID": {
    "NeuralODE_delta_log": {
      "mae": 0.21600066508774574,
      "mse": 0.07972375597271962,
      "r2": 0.9421219454786723,
      "bias": -0.13103799465909963
    },
    "NeuralODE_log_mdr": {
      "mae": 0.11672114794184367,
      "mse": 0.026850423050296817,
      "r2": 0.8630698934908272,
      "bias": 0.02542494230784388
    },
    "LSTM_delta_log": {
      "mae": 0.35119764875194304,
      "mse": 0.2260626149018212,
      "r2": 0.8358824895932063,
      "bias": -0.05714933960631389
    },
    "LSTM_log_mdr": {
      "mae": 0.17377903148962776,
      "mse": 0.06820335634650888,
      "r2": 0.6521807931548664,
      "bias": -0.016812038747302593
    }
  },
  "OOD": {
    "NeuralODE_delta_log": {
      "mae": 0.21149505923490258,
      "mse": 0.08683241472068053,
      "r2": 0.964559330331072,
      "bias": -0.07676373643490635
    },
    "NeuralODE_log_mdr": {
      "mae": 0.1247751738398647,
      "mse": 0.032664261053855954,
      "r2": 0.9228114221078156,
      "bias": 0.022066606159613523
    },
    "LSTM_delta_log": {
      "mae": 0.41182738819194514,
      "mse": 0.3495376882226265,
      "r2": 0.8573361136507873,
      "bias": 0.07330518354150124
    },
    "LSTM_log_mdr": {
      "mae": 0.2730194383138512,
      "mse": 0.19667110640923033,
      "r2": 0.5352485399507027,
      "bias": -0.10480376361667035
    }
  }
}